{"cameraMode":{"drawMode":0,"name":"Shaded","section":"Shading Mode"},"sceneLighting":true,"audioPlay":false,"sceneViewState":{"showFog":true,"showMaterialUpdate":false,"showSkybox":true,"showFlares":true,"showImageEffects":true,"showParticleSystems":true,"showVisualEffectGraphs":true,"m_FxEnabled":true},"in2DMode":false,"pivot":{"x":67.61335754394531,"y":159.10476684570313,"z":-111.60395812988281},"rotation":{"x":0.1794830858707428,"y":-0.17167861759662629,"z":0.03182947635650635,"w":0.9681354761123657},"size":12.991511344909668,"orthographic":false}