{"cameraMode":{"drawMode":0,"name":"Shaded","section":"Shading Mode"},"sceneLighting":true,"audioPlay":false,"sceneViewState":{"showFog":true,"showMaterialUpdate":false,"showSkybox":true,"showFlares":true,"showImageEffects":true,"showParticleSystems":true,"showVisualEffectGraphs":true,"m_FxEnabled":true},"in2DMode":false,"pivot":{"x":494.2906799316406,"y":282.8769226074219,"z":1548.9622802734375},"rotation":{"x":0.03776459023356438,"y":0.04345012083649635,"z":-0.0016440947074443102,"w":0.9983342885971069},"size":1165.2457275390625,"orthographic":false}