{"cameraMode":{"drawMode":0,"name":"Shaded","section":"Shading Mode"},"sceneLighting":true,"audioPlay":false,"sceneViewState":{"showFog":true,"showMaterialUpdate":false,"showSkybox":true,"showFlares":true,"showImageEffects":true,"showParticleSystems":true,"showVisualEffectGraphs":true,"m_FxEnabled":true},"in2DMode":false,"pivot":{"x":717.9404907226563,"y":-793.7180786132813,"z":1625.1656494140625},"rotation":{"x":0.18141089379787446,"y":0.09570525586605072,"z":-0.017741380259394647,"w":0.9785295724868774},"size":1593.196533203125,"orthographic":false}