{"cameraMode":{"drawMode":0,"name":"Shaded","section":"Shading Mode"},"sceneLighting":true,"audioPlay":false,"sceneViewState":{"showFog":true,"showMaterialUpdate":false,"showSkybox":true,"showFlares":true,"showImageEffects":true,"showParticleSystems":true,"showVisualEffectGraphs":true,"m_FxEnabled":true},"in2DMode":false,"pivot":{"x":524.2512817382813,"y":419.117431640625,"z":-245.21954345703126},"rotation":{"x":0.0018099340377375484,"y":-0.012004248797893525,"z":0.0000212931427086005,"w":0.9998836517333984},"size":188.28050231933595,"orthographic":false}