{"cameraMode":{"drawMode":0,"name":"Shaded","section":"Shading Mode"},"sceneLighting":true,"audioPlay":false,"sceneViewState":{"showFog":true,"showMaterialUpdate":false,"showSkybox":true,"showFlares":true,"showImageEffects":true,"showParticleSystems":true,"showVisualEffectGraphs":true,"m_FxEnabled":true},"in2DMode":false,"pivot":{"x":579.5155029296875,"y":480.17620849609377,"z":1860.2781982421875},"rotation":{"x":-0.02063850872218609,"y":0.06892205774784088,"z":0.00142321502789855,"w":0.9973592162132263},"size":1593.196533203125,"orthographic":false}