{"cameraMode":{"drawMode":0,"name":"Shaded","section":"Shading Mode"},"sceneLighting":true,"audioPlay":false,"sceneViewState":{"showFog":true,"showMaterialUpdate":false,"showSkybox":true,"showFlares":true,"showImageEffects":true,"showParticleSystems":true,"showVisualEffectGraphs":true,"m_FxEnabled":true},"in2DMode":false,"pivot":{"x":752.7975463867188,"y":156.26983642578126,"z":792.0198974609375},"rotation":{"x":0.007047364488244057,"y":0.4308902323246002,"z":-0.003365109208971262,"w":0.9023671746253967},"size":977.1300048828125,"orthographic":false}