{"cameraMode":{"drawMode":0,"name":"Shaded","section":"Shading Mode"},"sceneLighting":true,"audioPlay":false,"sceneViewState":{"showFog":true,"showMaterialUpdate":false,"showSkybox":true,"showFlares":true,"showImageEffects":true,"showParticleSystems":true,"showVisualEffectGraphs":true,"m_FxEnabled":true},"in2DMode":false,"pivot":{"x":10.573901176452637,"y":1.3990058898925782,"z":6.923722743988037},"rotation":{"x":0.06315276026725769,"y":0.8645856380462647,"z":-0.11242663860321045,"w":0.48565980792045596},"size":31.51613998413086,"orthographic":false}