{"cameraMode":{"drawMode":0,"name":"Shaded","section":"Shading Mode"},"sceneLighting":true,"audioPlay":false,"sceneViewState":{"showFog":true,"showMaterialUpdate":false,"showSkybox":true,"showFlares":true,"showImageEffects":true,"showParticleSystems":true,"showVisualEffectGraphs":true,"m_FxEnabled":true},"in2DMode":false,"pivot":{"x":203.31130981445313,"y":481.8874816894531,"z":1351.983154296875},"rotation":{"x":0.060052577406167987,"y":-0.08524495363235474,"z":0.005146901123225689,"w":0.9945294857025147},"size":1115.067626953125,"orthographic":false}